topic,size,label,keywords,mk_q,mk_p,mk_tau,mk_trend,burst_max,drift_total_dist,drift_step_mean,drift_robust_score,method,beta_year_z,p,q
0,452,0_optimization_algorithm_algorithms_genetic,algorithm; optimization; algorithms; abc; salesman; colony; tsp; traveling salesman; heuristic; artificial; search; optimization algorithm; genetic; solution; swarm,0.5526587022243875,0.4690632682744802,-0.1066666666666666,no_trend,,0.2930671572685241,0.0225436274821941,0.0610492749367292,logit,-0.1059136108439115,0.026132812914177,0.040992647708513
1,250,1_intrusion_intrusion detection_attacks_detection,intrusion; intrusion detection; attacks; iot; detection; learning; network; machine; machine learning; security; ids; cyber; systems; attack; detection systems,0.0508737360370226,0.0265056439856756,0.32,increasing,,0.0991964340209961,0.0165327390034993,0.034378864281627,logit,0.6128685463310846,2.269268437794513e-13,1.650377045668737e-12
2,217,2_cancer_breast_segmentation_images,histopathological; cancer; images; histopathological images; breast; segmentation; breast cancer; nuclei; histopathology; cells; tissue; learning; diagnosis; slide; cell,0.0002343004624153,3.929335607044671e-05,0.59,increasing,,0.0667544603347778,0.0133508920669555,0.0259796363720309,logit,0.5974484642715113,5.634716893738133e-11,3.219838224993219e-10
3,199,3_recommendation_recommender_filtering_collaborative,recommendation; recommender; collaborative filtering; collaborative; recommender systems; filtering; recommendation systems; item; systems; user; users; items; user item; recommendations; content,0.0063100804475815,0.0023331389890217,0.4366666666666666,increasing,,0.0838007926940918,0.0209501981735229,0.037537715959614,logit,0.2039531004964778,0.0088237123438112,0.0153455866848891
4,198,4_sentiment_sentiment analysis_analysis_twitter,sentiment; sentiment analysis; analysis; turkish; lexicon; twitter; emotion; social media; data; social; texts; text; tweets; media; analysis turkish,0.0002771432517165,5.123656754424388e-05,0.5666666666666667,increasing,,0.0596935153007507,0.0149233788251876,0.0267391053229074,logit,0.5152669530686669,7.203802903487173e-09,3.2016901793276325e-08
5,198,5_customer_mining_customers_data mining,data; mining; customer; data mining; customers; churn; association; apriori; association rules; algorithm; association rule; analysis; frequent; algorithms; basket,0.2753036372092543,0.1989589310924022,-0.1866666666666666,no_trend,,0.0685380101203918,0.0342690050601959,0.0475069284761386,logit,-0.1280329016471654,0.0620063979221226,0.0918613302549965
6,196,6_video_retrieval_image_visual,image; video; retrieval; multimedia; image retrieval; mpeg; content; query; content image; images; data; multimedia data; video data; video database; cbir,0.0024337147920596,0.0008385067770961,-0.48,decreasing,,0.0130074024200439,0.0130074024200439,0.0142900921423115,logit,-0.2577188842816479,0.0001926608830389,0.0004670566861549
7,177,7_patients_disease_diagnosis_diabetes,disease; heart; learning; machine; anemia; heart disease; machine learning; data; patients; diseases; diagnosis; diabetes; algorithms; thyroid; dataset,0.1465304989207583,0.0972765497036967,0.24,no_trend,,0.0653846263885498,0.0217948754628499,0.0350774988666903,logit,0.0763715184774436,0.3266915586773534,0.4047240710506896
8,171,8_stock_price_market_financial,stock; stock market; price; market; stocks; technical analysis; trading; technical indicators; prices; financial; indicators; technical; stock price; data; learning,1.8669216373945478e-05,9.41305027257755e-07,0.7,increasing,,0.101282775402069,0.0202565550804138,0.0394174361158752,logit,0.7385198054123284,5.383705149150905e-12,3.589136766100603e-11
9,162,9_plant_agricultural_leaf_diseases,plant; diseases; leaf; agricultural; learning; deep learning; plant diseases; deep; walnut; disease; model; images; classification; models; dataset,5.4186406368561535e-06,4.5534795267698775e-08,0.7566666666666667,increasing,,0.040592610836029,0.0135308702786763,0.0217770956147294,logit,1.4305079883322658,4.557499949672676e-20,7.291999919476281e-19
10,156,10_energy_electricity_solar_consumption,electricity; energy; solar; wind; electricity consumption; solar energy; consumption; energy potential; forecasting; data; electrical energy; electrical; solar radiation; renewable; wind solar,8.455941074621169e-05,9.23758268656094e-06,0.6333333333333333,increasing,,0.0903648138046264,0.0225912034511566,0.0404780027048673,logit,0.7151737843780562,1.1703466207451294e-10,6.241848643974023e-10
11,151,11_rendering_graphics_3d_tracing,rendering; ray tracing; ray; tracing; graphics; hair; gpu; animation; simulation; computer graphics; fluid; volume; time; 3d; mesh,1.6795098196686897e-05,5.131806497526981e-07,-0.72,decreasing,,,,,logit,-0.7709254893342352,5.075171367975304e-23,2.0300685471901214e-21
12,142,12_3d_depth_shape_object,3d; shape; object; objects; point cloud; point clouds; images; reconstruction; stereo; shapes; point; depth; matching; structured light; camera,0.195742833420767,0.134881616306747,-0.2166666666666666,no_trend,,,,,logit,-0.1877475387135693,0.0221931424566231,0.035509027930597
13,139,13_sensor_sensor networks_wireless sensor_wireless,sensor; wireless sensor; sensor networks; wireless; energy; lifetime; network lifetime; sensor nodes; nodes; sink; routing; network; wsns; networks; wsn,0.0156427729875624,0.0070984011876333,-0.3866666666666666,decreasing,,,,,logit,-0.7679139850381818,9.52204311039944e-21,1.904408622079888e-19
14,137,14_protein_proteins_drug_interactions,protein; proteins; drug; amino; prediction; drugs; acids; amino acids; ligand; amino acid; molecules; drug target; binding; protein sequences; subcellular,0.7309351369648086,0.6572273920607943,-0.0666666666666666,no_trend,,,,,logit,-0.1753757056092211,0.0350770742734628,0.0539647296514812
15,134,15_blockchain_contracts_smart_technology,blockchain; blockchain technology; smart contracts; contracts; contract; smart contract; smart; bitcoin; ethereum; technology; cryptocurrencies; transactions; cryptocurrency; blockchain network; ledger,0.0002732111035392,4.821372415397818e-05,0.5566666666666666,increasing,,0.0877014398574829,0.0219253599643707,0.0392849713323949,logit,1.2542408570782655,3.115397396361502e-15,3.1153973963615024e-14
16,125,16_software_code_metrics_defect,software; defect; smells; defect prediction; bug; code; software defect; prediction; defects; projects; developers; developer; metrics; code review; code smells,0.1369422989423316,0.0874589472236739,0.2466666666666666,no_trend,,,,,logit,0.1440153940812918,0.1311995610031197,0.1778977098347386
17,123,17_cache_memory_power_hardware,cache; soft errors; memory; register file; data; register; caches; threads; thread; soft; processors; chip; sram; energy; processor,0.5014826710195659,0.4003433087971324,-0.1233333333333333,no_trend,,,,,logit,-0.2356057763781902,0.0063204025173285,0.0112362711419174
18,123,18_text_text classification_classification_documents,classification; text; text classification; data; learning; web; documents; categorization; pages; news; web pages; mining; naive bayes; machine; naive,0.106010020043513,0.0650313568334155,0.2666666666666666,no_trend,,,,,logit,0.0914955565800575,0.3288383077286853,0.4047240710506896
19,121,19_image_images_edge_image segmentation,image; images; hdr; super resolution; resolution; segmentation; color; dynamic range; edge; image segmentation; algorithm; super; edge detection; algorithms; image processing,0.071681483387272,0.0421655784631012,0.2933333333333333,increasing,,,,,logit,0.0672143520707914,0.4807546112095061,0.5573966506776883
20,120,20_speech_speech recognition_recognition_voice,speech; speech recognition; recognition; turkish; phoneme; turkish speech; speaker; syllable; asr; word; text speech; text; syllables; phonemes; recognition systems,0.5526587022243875,0.4690632682744802,-0.1066666666666666,no_trend,,,,,logit,-0.1579879918337541,0.075491142251884,0.1078444889312628
21,118,21_congestion_queue_network_5g,network; 5g; radio access; base stations; networks; energy; radio; handover; slicing; network slicing; mobile; stations; wireless; access network; cellular,0.0021602439732672,0.0007079791172892,-0.4866666666666667,decreasing,,,,,logit,-0.4142423895751556,1.6693031248647789e-06,5.564343749549262e-06
22,115,22_parallel_sparse_partitioning_matrix,sparse; matrix; sparse matrix; sparse matrices; hypergraph; partitioning; spmxv; matrix vector; parallel; multiplication; matrices; linear systems; spmv; vector multiplication; sparse triangular,0.5238811825406494,0.4270291992138066,0.1166666666666666,no_trend,,,,,logit,0.0619087506128504,0.5203240623300065,0.5781378470333406
23,110,23_social_link_networks_community,link prediction; networks; complex networks; network; link; community detection; social; community; prediction; social networks; time; nodes; complex; communities; social network,0.0564373020061891,0.0303528346924042,0.31,increasing,,,,,logit,0.0921034254779132,0.3630926887233886,0.433543508923449
24,109,24_face_face recognition_recognition_face detection,face recognition; face; recognition; images; facial; image; illumination; gabor; pca; face images; eigenfaces; face detection; faces; lzm; different,0.1266774351714193,0.0798387196458525,-0.2533333333333333,no_trend,,,,,logit,-0.3323823987452196,0.0001889498612909,0.0004670566861549
25,102,25_turkish_sentence_parsing_language,turkish; sentence; parsing; sentences; morphological; dependency parsing; syntactic; dependency; phrase; word; parser; language; noun; grammar; phrases,0.0001068844178415,1.2574637393125698e-05,-0.6266666666666667,decreasing,,,,,logit,-0.536091517050616,7.784303305207887e-09,3.2776013916664795e-08
26,99,26_privacy_sensitive_data_privacypreserving,privacy; data; privacy preserving; anonymization; preserving; genomic; ldp; sensitive; hiding; preserving data; data utility; location; utility; genomic data; information,0.3095071950199775,0.2314801710653613,0.1733333333333333,no_trend,,,,,logit,-0.0676827870763364,0.5029194484687598,0.5666698010915603
27,92,27_business_management_enterprise_planning,erp; enterprise resource; resource planning; erp software; erp systems; enterprise; business; sap; software; commerce; planning; systems; companies; information; mrp,3.1624912703864805e-05,2.126044551520323e-06,-0.68,decreasing,,,,,logit,-1.0448393932870792,2.0336598553611642e-22,5.423092947629771e-21
28,89,28_agent_agents_services_web services,agent; web services; web; services; service; agents; semantic web; semantic; composition; matchmaking; web service; service composition; multiagent; event calculus; owl,0.0003258160591947,6.297285177714329e-05,-0.57,decreasing,,,,,logit,-1.115530929730392,1.1853840871007049e-23,9.483072696805638e-22
29,88,29_android_malicious_files_detection,malware; malware detection; ransomware; malicious; malicious software; detection; analysis; dynamic analysis; software; learning; techniques; attacks; cyber; static; windows,0.0002093917805322,3.1672706299001874e-05,0.59,increasing,,,,,logit,0.5190597683908789,0.0001107751613079,0.0002858713840206
30,88,30_defects_quality control_defect_fabric,defect; defect detection; fabric; defects; quality control; detection; production; quality; images; image; steel; control; image processing; fabric defect; learning,0.0013133807481214,0.0003311043902827,0.5133333333333333,increasing,,,,,logit,0.5411467194211241,6.951865477009705e-05,0.0001986247279145
31,86,31_smart_home_control_remote,home; smart; smart home; remote control; control; remote; devices; iot; temperature; automation; home automation; sensors; systems; microcontroller; house,0.0192232345497449,0.0095308473818063,-0.3733333333333333,decreasing,,,,,logit,-0.2497475318245927,0.0128696225520262,0.0214493709200438
32,86,32_gene_genes_expression_cancer,gene; cancer; gene expression; genes; expression; biological; data; molecular; disease; breast; patients; mirna; microarray; breast cancer; pathways,0.018738199690283,0.0089754401877826,0.3633333333333333,increasing,,,,,logit,0.1523632397919001,0.1993494194869967,0.2572250574025764
33,85,33_maintenance_fault_industrial_predictive,predictive maintenance; maintenance; fault; data; fault diagnosis; learning; remaining useful; faults; predictive; useful life; condition monitoring; vibration; rul; diagnosis; motor,0.0006627044512613,0.0001559304591203,0.5333333333333333,increasing,,,,,logit,0.8353846260390618,2.561685001001497e-07,9.315218185459988e-07
34,83,34_security_information security_cyber_information,security; cyber; information security; cyber security; information; security awareness; awareness; warfare; attacks; systems; national; cybersecurity; cyber warfare; penetration; cyber attacks,0.3466090753683045,0.2621413175054403,0.1633333333333333,no_trend,,,,,logit,0.1372726653662621,0.2344296429689242,0.2976884355160942
35,83,35_password_key_quantum_passwords,public key; signature; security; electronic signature; pki; public; key; key infrastructure; electronic; messaging; signatures; certificate; mail; secure; authentication,0.0078028057258711,0.0030162106167233,-0.4266666666666667,decreasing,,,,,logit,-0.3146072135514667,0.0019407273363689,0.0036106555095235
36,80,36_feature_feature selection_selection_ensemble,learning; ensemble; data; classifiers; active learning; classification; algorithm; rex; datasets; base classifiers; feature; classifier; algorithms; ensembles; mil,0.5499869766067962,0.4547238526531556,-0.11,no_trend,,,,,logit,-0.1413950940014412,0.195168786690508,0.2559590645121417
37,80,37_agile_software_software development_development,agile; scrum; software development; software; agile software; development; extreme programming; process; project; projects; project management; waterfall; agile waterfall; practices; xp,0.6819674945212315,0.5902743860141753,-0.08,no_trend,,,,,logit,-0.2124566303107296,0.0448840910193439,0.0677495713499531
38,79,38_sign_language_hand_signs,sign language; sign; language recognition; language; turkish sign; recognition; slr; tsl; signs; sign languages; gestures; turkish; deaf; nonmanual; hearing,0.3035126218611458,0.2244463086032002,0.1766666666666666,no_trend,,,,,logit,-0.0385303958269697,0.7347322744289165,0.7734023941357017
39,78,39_spatial_gis_fuzzy_spatiotemporal,data; gis; spatial; moving; moving object; tree; indexing; object databases; web; information; databases; spatial data; web gis; gml; geographic,6.841785891769092e-05,5.749399909049657e-06,-0.65,decreasing,,,,,logit,-0.86575006044803,3.7560317142650105e-15,3.3386948571244534e-14
40,77,40_generative_generative adversarial_adversarial_image,image; generative; discriminator; gans; images; gan; adversarial; adversarial networks; generative adversarial; image generation; style; model; style transfer; networks; models,0.0001991578388027,2.8451119828964977e-05,0.53,increasing,,,,,logit,1.4379396478941031,4.833738043605458e-10,2.274700255814333e-09
41,77,41_routing_ad hoc_hoc_ad,routing; ad hoc; hoc; ad; hoc networks; routing protocols; protocol; networks; aodv; wireless; routing protocol; protocols; mobile ad; network; dsr,0.0176637768946967,0.0083123655975043,-0.38,decreasing,,,,,logit,-0.3713872860384594,0.0004942109563521,0.0010137660643121
42,77,42_summarization_text_summaries_legal,summarization; text summarization; abstractive; text; summaries; legal; extractive; texts; rouge; citation recommendation; turkish; citation; abstractive summarization; sentences; articles,0.0107804510088298,0.0043484172136456,0.4,increasing,,,,,logit,0.4393302982979953,0.0017411912120848,0.0033165546896855
43,76,43_encryption_cipher_block_key,encryption; ciphers; block ciphers; cipher; cryptanalysis; cryptography; block; aes; block cipher; cryptographic; symmetric; algorithms; mds; key; mds matrices,0.070693094951502,0.0398019946365599,-0.2966666666666667,decreasing,,,,,logit,-0.4177226164752978,0.0001093548976207,0.0002858713840206
44,75,44_education_distance education_distance_students,education; learning; distance education; learning management; distance learning; web; content; distance; web distance; exam; scorm; students; learning objects; educational; lms,1.6795098196686897e-05,5.645411158550218e-07,-0.7166666666666667,decreasing,,,,,logit,-0.952454915306258,1.1300493608523371e-16,1.2914849838312425e-15
45,75,45_students_student_education_data mining,students; data; student; learning; data mining; education; mining; educational; educational data; success; academic; machine; machine learning; academic success; algorithms,0.0006627044512613,0.0001550662417129,0.5366666666666666,increasing,,,,,logit,0.4833451285158547,0.000603466319503,0.0011774952575669
46,74,46_software_component_domain_development,component oriented; software; component; oriented; oriented software; coseml; software engineering; domain; product line; software product; variability; model; engineering; modeling; development,9.926662711157164e-06,1.668346674144061e-07,-0.75,decreasing,,,,,logit,-0.9630168876366982,1.0515913404738335e-16,1.2914849838312425e-15
47,73,47_entity_turkish_named entity_entity recognition,ner; named entity; entity recognition; turkish; entity; texts; recognition; named; crf; entities; information; morphological; informal; language; data,0.5101533723059651,0.4115523003476693,0.12,no_trend,,,,,logit,-0.0183210318803039,0.8763360790903608,0.8874289408509983
48,73,48_search_query_search engines_engines,web; search; query; search engines; search engine; cache; inverted; index; engines; inverted index; information; web information; retrieval; text retrieval; meta search,0.0151108338899866,0.0067300352619268,-0.39,decreasing,,,,,logit,-0.4855049170954519,8.844534857715613e-06,2.830251154468996e-05
49,72,49_activity_activities_sensors_wearable,activity recognition; activity; human activity; recognition; data; activities; har; sensors; human activities; human; sensor; classification; wearable; accelerometer; learning,0.001531560118993,0.000411848099225,0.49,increasing,,,,,logit,0.4423784521619445,0.0021677349614825,0.0039413362936046
50,72,50_facial_emotion_expressions_facial expressions,facial; facial expression; emotion; facial expressions; expression recognition; recognition; expression; emotions; expressions; emotion recognition; face; emotional; images; model; face recognition,0.0017023463811201,0.0004726133524886,0.5,increasing,,,,,logit,0.5240048734189799,0.0003589194465085,0.000776042046505
51,72,51_covid19_pandemic_virus_disease,covid; covid 19; 19; virus; disease; pandemic; learning; 19 virus; vaccines; data; coronavirus; model; vaccine; dataset; cov,0.0019028833517809,0.0005596715740532,0.37,increasing,,0.0343528985977172,0.0171764492988586,0.0238116148070694,logit,1.7661528008927545,4.756953023822116e-11,2.927355706967456e-10
52,71,52_distributed_object_simulation_architecture,hla; object; simulation; distributed; level architecture; federates; rmi; federation; data; architecture hla; distributed simulation; corba; federate; governance; architecture,7.706875958109667e-05,7.771639621623194e-06,-0.64,decreasing,,,,,logit,-0.8998439498568407,1.0413183164375907e-14,8.330546531500727e-14
53,71,53_object detection_object_detection_yolo,detection; object detection; yolo; object; images; aerial; deep learning; deep; learning; model; ship; drone; vehicles; ship detection; unmanned aerial,2.6567613311101468e-05,1.5628007830059687e-06,0.6233333333333333,increasing,,0.031498372554779,0.031498372554779,0.0346044991617265,logit,1.7035122095662454,1.5525414688927428e-10,7.762707344463713e-10
54,71,54_signals_brain_signal_emotion,eeg; eeg signals; brain; bci; signals; brain computer; epileptic; computer interface; epilepsy; seizures; electroencephalography; eeg data; classification; signal; electroencephalography eeg,7.706875958109667e-05,7.420182462691827e-06,0.6266666666666667,increasing,,,,,logit,0.6275254275380078,9.360847258478542e-05,0.0002582302691994
55,70,55_scheduling_cloud_load_computing,scheduling; task scheduling; cloud; cloud computing; virtual machines; computing; virtual; virtual machine; algorithms; allocation; scheduling algorithms; task; data centers; resource; machines,0.8231260860023791,0.7608728526072412,-0.0466666666666666,no_trend,,,,,logit,-0.1036673431579699,0.3720842364325765,0.4377461605089135
56,69,56_positioning_indoor_location_gps,positioning; indoor; indoor positioning; location; gps; positioning systems; rssi; signal; localization; indoor location; signal map; signal strength; indoor localization; bluetooth; lateration,0.089342350420685,0.0535969598348442,0.2766666666666666,no_trend,,,,,logit,0.0852521340599012,0.4929205479423159,0.5633377690769324
57,68,57_robot_manipulation_action_robots,robot; learning; skill; manipulation; action; robots; model; sensorimotor; demonstrations; task; skills; affordances; human; reward; arm,0.0133062245537883,0.0054790336397951,0.3966666666666666,increasing,,,,,logit,0.3302633393871579,0.0183411638662946,0.029944757332726
58,67,58_segmentation_age_images_mr,bone; bone age; fractures; images; meniscus; knee; fracture; mr; diagnosis; age; femoral; segmentation; ray; mr images; ray images,0.0031027540809671,0.001121163239341,0.46,increasing,,,,,logit,0.7611363491484013,2.7491918427890754e-05,8.145753608263927e-05
59,67,59_fingerprint_gender_biometric_face,fingerprint; biometric; vein; fingerprint recognition; palm; fingerprints; recognition; hand vein; images; identification; fingerprint images; palm vein; minutiae; systems; hand,0.6993940033607242,0.6229896164389643,0.0733333333333333,no_trend,,,,,logit,-0.1082544090788342,0.3626708122002942,0.433543508923449
60,66,60_character_character recognition_recognition_ocr,ottoman; recognition; character; character recognition; ocr; handwriting; turkish; handwritten; ottoman turkish; optical character; letters; characters; script; documents; dataset,0.827920897150104,0.7792196679059802,-0.0433333333333333,no_trend,,,,,logit,-0.0472428135285854,0.6941221863074136,0.7403969987279079
61,66,61_images_satellite_segmentation_object,images; sar; image; segmentation; sar images; classification; remote sensing; speckle; detection; satellite; disaster; satellite images; object; learning; deep,0.0691106841733806,0.0383302954238917,0.2966666666666667,increasing,,,,,logit,0.2055894019002611,0.1302866939425094,0.1778977098347386
62,64,62_sleep_signals_heart_sounds,sleep; emg; signals; apnea; sounds; sleep apnea; emg signals; ecg; osas; emd; heart; classification; eeg; patients; data,0.0190888773572401,0.0093038225774784,0.37,increasing,,,,,logit,0.2474668912689785,0.075078549235884,0.1078444889312628
63,64,63_dr_disease_vessels_diagnosis,retinopathy; diabetic retinopathy; diabetic; retinal; retina; disease; dr; fundus; vessels; diagnosis; images; diabetes; diseases; learning; blood,0.0021032430219126,0.0006716238221233,0.48,increasing,,,,,logit,0.5861985600193517,0.0004004843492211,0.0008431249457287
64,64,64_clustering_clustering algorithms_algorithm_kmeans,clustering; data; algorithm; dbscan; clusterings; algorithms; data clustering; clustering algorithms; clusters; stream clustering; cluster; data streams; data stream; stream; clustering algorithm,0.4891526490035303,0.3863894874481668,0.1266666666666666,no_trend,,,,,logit,-0.0395925332704357,0.7515616347183316,0.7808432568502147
65,64,65_brain_tumor_mr_mri,tumors; brain; tumor; brain tumors; brain tumor; mri; mr; images; mr images; classification; learning; glioma; mri images; diagnosis; model,0.000829681420134,0.0002021912704528,0.4933333333333333,increasing,,,,,logit,1.1621676329494517,1.4369914441189964e-07,5.474253120453319e-07
66,63,66_reality_augmented reality_augmented_virtual,augmented reality; reality; augmented; ar; reality technology; facility; virtual; mobile; virtual reality; 3d; education; reality virtual; technology; unity; reality ar,0.0006041340938846,0.0001319956843781,0.53,increasing,,,,,logit,0.6079325095100832,0.0002125664505888,0.0005001563543268
67,60,67_reinforcement_reinforcement learning_agents_learning,reinforcement learning; reinforcement; learning; rl; agent; environment; reward; policy; pruning; model; agents; environments; drl; rewards; deep reinforcement,0.6993940033607242,0.6222252922411715,-0.0733333333333333,no_trend,,,,,logit,0.0023304761033758,0.9857376110525148,0.9857376110525148
68,59,68_question_answering_natural language_language,question answering; answering; question; natural language; language; qa; turkish; questions; answer; natural; factoid; language processing; information; processing; answering systems,0.0556623826937069,0.0294683202496095,-0.3133333333333333,decreasing,,,,,logit,-0.4478226967819306,0.0002407158112733,0.0005502075686248
69,58,69_database_nosql_databases_hadoop,nosql; data; database; nosql databases; databases; relational; cassandra; distributed database; query; mongodb; relational databases; distributed; nosql database; sql; systems,0.6899348704435219,0.6029682901355149,0.0766666666666666,no_trend,,,,,logit,-0.0583538392903226,0.653309036495882,0.7062800394550076
70,58,70_tracking_video_object_surveillance,object; tracking; object tracking; video; moving object; moving; camera; objects; surveillance; moving objects; detection; object detection; image; background; target object,0.8231260860023791,0.7603630023013341,-0.0466666666666666,no_trend,,,,,logit,-0.3129835336089706,0.0120349711379117,0.02048505725602
71,58,71_testing_test_software_software testing,test; software testing; software; testing; test automation; test cases; mutation; software test; test case; automation; mutation testing; ui; model; tests; unit testing,0.2922908031496191,0.2136915955799736,0.18,no_trend,,,,,logit,0.2118958229042234,0.1348092541600866,0.1797456722134488
72,54,72_programming_students_game_games,students; programming; gamification; game; learning; software; games; visual programming; computer programming; gamified; team; software development; programming education; education; teaching,0.2229813071244414,0.1573985697348998,0.2,no_trend,,,,,logit,0.2620261405480381,0.0800483404005669,0.1123485479306203
73,52,73_traffic_autonomous_signs_vehicle,traffic signs; lane; traffic; detection; traffic sign; vehicle; signs; road; autonomous; vehicles; driving; sign; lane detection; learning; deep learning,0.0005217659048242,0.0001096146858874,0.53,increasing,,,,,logit,0.642332293038868,0.0005245924854629,0.0010491849709258
74,52,74_translation_machine translation_turkish_morphological,translation; machine translation; turkish; english; mt; machine; english turkish; morphological; language; languages; uyghur; tatar; statistical machine; bleu; turkish english,0.0151108338899866,0.0067300352619268,-0.39,decreasing,,,,,logit,-0.4712742288912833,0.0003027763361708,0.0006728363026018
75,51,75_ontology_semantic_web_ontologies,ontology; semantic web; web; semantic; ontologies; data; ontology development; sparql; query; linked data; metadata; rdf; queries; ontology reuse; linked,0.089342350420685,0.0540558758847842,-0.2733333333333333,no_trend,,,,,logit,-0.6524090727272261,6.225926865959731e-07,2.1655397794642544e-06
76,51,76_fake_news_media_social media,cyberbullying; fake news; fake; news; social media; offensive; offensive language; social; media; hate; hate speech; misinformation; detection; turkish; news detection,0.0002343004624153,3.937822897737142e-05,0.4866666666666667,increasing,,,,,logit,1.9436428994152508,3.1740931685370873e-08,1.269637267414835e-07
77,51,77_health_patient_patients_monitoring,patient; health; patients; mobile; data; monitoring; patient monitoring; care; blood; doctors; medical; ecg; treatment; healthcare; prescriptions,0.7784255004526567,0.7064702020914868,0.0566666666666666,no_trend,,,,,logit,-0.0822150257195033,0.5416418489316184,0.593580108418212
78,50,78_robot_robots_mobile robot_environment,robot; slam; localization; robots; environment; mobile robot; autonomous; localization mapping; simultaneous localization; sensor; path planning; imu; inertial; mobile; navigation,0.6817758140427311,0.5843792691794838,0.08,no_trend,,,,,logit,-0.0328865451645842,0.816811381356312,0.8377552629295508
79,50,79_digital_ai_industry_digital transformation,lean; rpa; fintech; i5; dx; foresight; entrepreneurship; robotic process; industry; digital; digital transformation; ai; sector; process automation; turkey,0.0371235352813087,0.0187177488813321,0.3133333333333333,increasing,,,,,logit,0.9036097633606294,2.370111811635892e-05,7.292651728110436e-05
80,49,80_rehabilitation_exercise_virtual reality_virtual,rehabilitation; virtual reality; kinect; exercise; reality; game; patients; exercises; therapy; treatment; virtual; games; cybersickness; children; physiotherapy,0.0145555705823978,0.0062381016781705,0.3866666666666666,increasing,,,,,,,,
81,48,81_peertopeer_peers_p2p_message,peer; peers; p2p; peer peer; data; mobile; message; service; client; messaging; middleware; systems; services; peer networks; protocols,3.874019180548515e-05,2.9299304726837505e-06,-0.67,decreasing,,,,,,,,
82,48,82_traffic_transportation_road_travel,traffic; traffic flow; road; traffic speed; traffic light; intersections; data; time; transportation; traffic lights; congestion; models; model; flow; lights,0.071681483387272,0.0416561808764801,0.2866666666666667,increasing,,,,,,,,
83,47,83_hiding_secret_hidden_cover,steganography; lsb; hiding; steganalysis; secret; image; steganographic; data; image steganography; stego; security; information; message; images; information hiding,0.9101388469120436,0.887194170099135,0.0233333333333333,no_trend,,,,,,,,
84,47,84_disease_diagnosis_brain_mri,alzheimer; alzheimer disease; disease; diagnosis; brain; mri; dementia; diagnosis alzheimer; learning; ad; deep learning; deep; mci; neurological; images,0.0021000659002887,0.0006427683924525,0.4533333333333333,increasing,,,,,,,,
85,46,85_encryption_chaotic_image_chaos,encryption; chaotic; image encryption; image; chaos; images; chaotic maps; data; security; algorithm; cryptography; chaotic systems; encrypted; encryption algorithm; encryption algorithms,1.0,1.0,0.0033333333333333,no_trend,,,,,,,,
86,46,86_layout_visualization_graph_graphs,layout; visualization; graph; sbgn; graph layout; graph visualization; pathway; graphs; layout algorithm; data; compound; force directed; pathways; patika; complexity management,0.2410758043091064,0.1721970030779331,-0.1966666666666666,no_trend,,,,,,,,
87,44,87_vehicles_ad hoc_hoc_routing,vehicular; vanet; vehicles; routing; vanets; vehicle; ad hoc; vehicular ad; hoc; ad; hoc networks; mobility; traffic; networks; network,0.1370904540319257,0.0887055879030107,0.2433333333333333,no_trend,,,,,,,,
88,44,88_plane_network_controller_software defined,sdn; network; software defined; controller; plane; data plane; control plane; networking; traffic; sdn controller; networks; defined networks; routing; wan; data,0.0138729690045113,0.005828978573324,0.3733333333333333,increasing,,,,,,,,
89,44,89_ip_voip_protocol_mobile,ipv6; ip; sip; ipv4; voip; protocol; mobile ip; mobile; mobile node; internet; network; internet protocol; routing; voice; route optimization,0.0014992182474082,0.0003905526526861,-0.5033333333333333,decreasing,,,,,,,,
90,43,90_iot_computing_devices_things,fog; iot; computing; devices; data; fog computing; cloud; edge; edge computing; offloading; internet things; things; task offloading; internet; iot devices,0.0021000659002887,0.0006529616664763,0.4433333333333333,increasing,,,,,,,,
91,41,91_cards_card_payment_biometric,biometric; cards; payment; nfc; smart cards; card; smart; security; mobile; mobile payment; smart card; payment systems; purse; data; biometrics,0.0017023463811201,0.00048638468032,-0.5,decreasing,,,,,,,,
92,40,92_planning_path_path planning_unmanned,planning; path planning; path; unmanned; uavs; uav; flight; aerial; vehicle; vehicles; unmanned aerial; route; mission; altitude; air,0.896930539704357,0.8667816140000089,0.0266666666666666,no_trend,,,,,,,,
93,39,93_music_musical_audio_genre,music; melody; musical; genre; genre classification; music genre; monophonic; midi; pitch; note; turkish music; compositions; classification; music information; music recommendation,0.827920897150104,0.7766319136469384,-0.0433333333333333,no_trend,,,,,,,,
94,39,94_virtualization_cloud_cloud computing_computing,virtualization; cloud; cloud computing; computing; container; migration; technology; docker; virtualization technology; virtual; technologies; virtualization technologies; hypervisor; service; virtual machine,0.0169066770203376,0.007814010387551,0.3733333333333333,increasing,,,,,,,,
95,38,95_fraud_credit_fraud detection_credit card,fraud; fraud detection; credit; credit card; card; card fraud; transactions; fraudulent; insurance; detection; data; learning; credit cards; cards; transaction,0.0063429345388445,0.0023985886911597,0.4166666666666667,increasing,,,,,,,,
96,38,96_action_actions_human_recognition,action recognition; action; recognition; human actions; human action; human; actions; videos; activity recognition; dataset; learning; video; 3d; collective activity; activity,0.071681483387272,0.0421208508676458,0.2833333333333333,increasing,,,,,,,,
97,38,97_wireless_wireless network_security_wireless networks,wireless; security; 802; network; wireless network; wireless networks; networks; wireless local; local area; wired; wlan; ieee 802; 802 11; area network; ieee,1.8669216373945478e-05,8.758655589691244e-07,-0.6966666666666667,decreasing,,,,,,,,
98,37,98_microservice_architecture_maintainability_software,microservice; microservices; microservice architecture; monolithic; architecture; software; microservices architecture; services; data; monolithic architecture; chaos; microservice architectures; service; msa; systems,0.0001107610593296,1.3961478066759623e-05,0.55,increasing,,,,,,,,
99,37,99_expressions_mathematical_syntax_symbolic,expressions; mathematical expressions; symbolic; javacc; mathematical; parser; syntax; symbolic computation; mathematical expression; expression; programming; grammar; handwritten mathematical; functional programming; abstract syntax,0.1585225858896752,0.1079019282106192,-0.23,no_trend,,,,,,,,
100,37,100_iot_authentication_rfid_security,iot; authentication; rfid; security; protocol; devices; privacy; protocols; internet things; attacks; iot devices; things; internet; authentication protocol; dtls,0.0107804510088298,0.004304610562438,0.3966666666666666,increasing,,,,,,,,
101,36,101_genome_read_dna_reads,sequencing; genome; dna; read; reads; genomic; alignment; svs; inversions; data; hts; duplications; assembly; genomes; sequence,0.0023746980078978,0.0007982178177807,0.4533333333333333,increasing,,,,,,,,
102,36,102_news_documents_event_articles,news; documents; news articles; event detection; event; information; articles; data; document; latent semantic; semantic; detection tracking; stories; pages; retrieval,0.3927840487756087,0.3003642725931126,-0.15,no_trend,,,,,,,,
103,35,103_skin_cancer_images_diagnosis,skin; melanoma; skin cancer; cancer; lesion; images; lesions; skin lesions; diagnosis; skin lesion; dermoscopic; learning; classification; isic; dermoscopy,0.000369920711724,7.460585782670393e-05,0.4866666666666667,increasing,,,,,,,,
104,34,104_video_streaming_coding_packet,video; iptv; streaming; raptor; 264; packet; rtp; quic; coding; video coding; network; protocol; intermediate node; quality; quality experience,0.0400019909041576,0.0205052222281816,-0.33,decreasing,,,,,,,,
105,33,105_spectrum_radio_cognitive_channel,cognitive radio; spectrum; radio; cognitive; secondary users; channel; radio networks; secondary; primary users; users; licensed; channel assignment; networks; primary user; sus,0.948567570977332,0.9405964149186988,-0.0133333333333333,no_trend,,,,,,,,
106,33,106_path_robots_agents_planning,robots; path; robot; agents; path planning; agent; planning; flock; formation control; flocking; mapf; search; algorithm; target search; multi agent,0.2101800024846347,0.146596136186762,-0.2033333333333333,no_trend,,,,,,,,
107,33,107_elliptic_multiplication_modular_curve,elliptic; elliptic curve; multiplication; elliptic curves; cryptography; rsa; curve; modular; curves; montgomery; modular multiplication; cryptographic; curve cryptography; multiplier; scalar multiplication,0.8496153652813699,0.8139172406897157,-0.0366666666666666,no_trend,,,,,,,,
108,32,108_effort_estimation_software_project,effort estimation; software; software effort; estimation; cost estimation; effort; projects; software cost; project; software projects; cocomo; risk; model; cost; software development,0.9408016110645598,0.924989819281962,0.0166666666666666,no_trend,,,,,,,,
109,32,109_digital_image_transform_discrete,watermarking; watermark; image; image watermarking; images; digital watermarking; copyright; digital; copyright protection; watermarked; attacks; dwt; fragile; transform; medical images,0.5499869766067962,0.4575521906224606,0.1066666666666666,no_trend,,,,,,,,
110,32,110_posts_social_influential_tweets,microblogging; tweets; posts; social; users; influential; user; twitter; microblogs; influential user; sentiment; microblog; social networks; information; microbloggers,0.0635959696176257,0.0347372943289552,0.2866666666666667,increasing,,,,,,,,
111,32,111_control_sliding_controller_mode,sliding mode; mode control; fractional order; fractional; control; sliding; controller; disturbance; mode; disturbance observer; order; robust control; systems; disturbances; disturbance rejection,0.1078429550593919,0.0670620056671849,0.26,no_trend,,,,,,,,
112,31,112_network_security_packet_ip,firewall; network; firewalls; security; ipsec; packet filtering; packet; virtual private; packets; ip; vpn; networks; virtual; opnet; private network,0.0031027540809671,0.0011036571297289,-0.4633333333333333,decreasing,,,,,,,,
113,31,113_sensor_coverage_localization_deployment,sensor; wireless sensor; sensor networks; wireless; localization; wsns; nodes; coverage; deployment; sensor nodes; dynamic deployment; wsn; algorithm; networks; sensors,0.1463829807043476,0.0959485083608329,0.23,no_trend,,,,,,,,
114,31,114_interoperability_healthcare_health_clinical,ehr; interoperability; health; healthcare; clinical; patient; information; medical; systems; data; electronic health; ihe; hl7; semantic; standards,0.4579508610018588,0.3578943703627972,-0.13,no_trend,,,,,,,,
115,30,115_automata_finite_qualitative_quantum,automata; automaton; finite automata; finite; quantum; kronecker; turing; turing machines; finite automaton; time; verifiers; timed automata; timed; model; qualitative,0.157861767226948,0.1061255577996289,-0.2233333333333333,no_trend,,,,,,,,
116,30,116_earthquake_earthquakes_disasters_magnitude,earthquake; earthquakes; seismic; earthquake prediction; data; disasters; tweets; shear; prediction; natural disasters; lstm; model; dataset; earthquake magnitude; social media,0.4555559696081539,0.3521945311256316,0.13,no_trend,,,,,,,,
117,30,117_usability_mobile_interface_voice,usability; ivr; mobile; software; user; user centered; voice; cabin; development; vui; interface; sus; information; voice response; eye tracking,0.8341428224828215,0.7920852011811665,0.04,no_trend,,,,,,,,
118,30,118_websites_attacks_url_malicious,phishing; phishing attacks; attacks; phishing websites; urls; phishing detection; websites; url; malicious; learning; detection; social engineering; legitimate; web pages; detecting phishing,0.0001320024786795,1.7748232427505783e-05,0.5433333333333333,increasing,,,,,,,,
